nome,paese
Suki,China
Tamqrah,Peru
Karol,Russia
Flossi,China
Catherine,Colombia
Joceline,Poland
Harv,Brazil
Marena,United States
Ivette,Yemen
Powell,France
Wynny,United States
Jocelyn,China
Sayer,China
Arther,Philippines
Giusto,Uruguay
Aili,Sweden
Maddalena,Indonesia
Pail,Russia
Curtice,Indonesia
Harley,Russia
Ambrosio,Mauritius
Clive,Greece
Minny,Czech Republic
Cicily,China
Carolann,Ukraine
Maible,China
Oona,Indonesia
Emmalee,Portugal
Nicolle,Indonesia
Marlene,Peru
Carie,Greece
Isiahi,Brazil
Talbert,China
Paloma,Malaysia
Britni,Canada
Elenore,Brazil
Tailor,Philippines
Seumas,China
Liane,Bosnia and Herzegovina
Arvie,China
Adi,Croatia
Ddene,Cameroon
Berte,Russia
Decca,Brazil
Johnnie,China
Edan,France
Marisa,Brazil
Raff,Malta
Maribeth,Pakistan
Chrissie,Latvia
Sergent,Thailand
Goldi,American Samoa
Silvana,Morocco
Gratiana,Indonesia
Madge,Jordan
Darrick,Albania
Roddie,Canada
Sherri,United States
Jody,China
Eula,Brazil
Russ,China
Morse,Norway
Arly,Indonesia
Rayshell,Montenegro
Fabien,Russia
Ronnie,Brazil
Bren,Indonesia
Orella,Thailand
Tiebout,China
Wini,Indonesia
Warde,Portugal
Germain,Luxembourg
Beau,Brazil
Raimund,Cuba
Margaret,China
Shelden,Greece
Ellery,Portugal
Kelby,Russia
Hinze,Russia
Bastien,Philippines
Basilius,Honduras
Gabie,China
Pier,Canada
Barret,Czech Republic
Jedediah,Russia
Cami,Kyrgyzstan
Tiler,Canada
Shaughn,Saudi Arabia
Mauricio,Mongolia
Durward,China
Cello,Philippines
Guglielmo,Sweden
Lainey,Tunisia
Spenser,Indonesia
Freeman,Bangladesh
Shirlene,China
Sherrie,Lithuania
Chadwick,Indonesia
Demeter,Greece
Jodi,China
Gerick,China
Amble,Philippines
Bear,Poland
Earl,China
Phillipe,Netherlands
Rori,China
Daveta,Brazil
Nola,Ukraine
Neda,China
Creighton,Mauritius
Packston,Japan
Chrisse,Indonesia
Hirsch,Afghanistan
Corinne,Ireland
Aldis,Philippines
Reynolds,Madagascar
Ruprecht,Sweden
Sidonnie,Montenegro
Sean,Japan
Mel,Madagascar
Tanhya,Canada
Ania,Canada
Bengt,Japan
Melicent,North Korea
Aristotle,Czech Republic
Riccardo,Ukraine
Tanitansy,Palestinian Territory
Mohandas,Philippines
Susette,Indonesia
Urbanus,China
Alphonso,China
Felic,Indonesia
Ricard,Canada
Gennie,Luxembourg
Sheba,Turkmenistan
Gertrudis,China
Granger,Iceland
Minette,Thailand
Alejoa,Malaysia
Dorrie,China
Arie,China
Saunders,Russia
Christi,Indonesia
Rosmunda,Portugal
Freddy,Greece
Meryl,Philippines
Mahala,China
Elora,Philippines
Lonnie,Mongolia
Annecorinne,China
Guthrie,China
Pammie,Indonesia
Coralie,France
Mendel,Vanuatu
Darbee,Tunisia
Shaylynn,Serbia
Caspar,Finland
Noami,Czech Republic
Austen,Pakistan
Janka,Kazakhstan
Cyrillus,Canada
Red,Portugal
Dorie,China
Dino,United States
Alexandre,Christmas Island
Alonso,Armenia
Bev,Albania
Maynard,Dominican Republic
Jerrie,Philippines
Theresina,Czech Republic
Vernen,Indonesia
Jone,Canada
Forrest,Philippines
Bartholomeo,China
Lusa,Germany
Abbie,Portugal
Ham,Albania
Benoite,Sweden
Ricoriki,China
Sebastiano,Philippines
Wynn,Indonesia
Reeva,Indonesia
Stavros,Slovenia
Winfred,Venezuela
Cyndi,Albania
Aldwin,Indonesia
Hamish,Kenya
Willie,Poland
Denny,Portugal
Jamison,Ukraine
Odilia,Philippines
Herb,Bosnia and Herzegovina
Cosette,France
Wendye,Zimbabwe
Daria,Poland
Livvy,Indonesia
Stephanus,Kosovo
Valentine,China
Isador,Poland
Elbertina,Pakistan
Shela,Mozambique
Cami,China
Berkley,Brazil
Cassy,Honduras
Dniren,Indonesia
Toddy,France
Andromache,Mozambique
Diarmid,China
Chandler,Tanzania
Judy,Ukraine
Timofei,United States
Rebekah,Brazil
Fenelia,Thailand
Birdie,Bulgaria
Beckie,China
Bing,China
Cameron,Japan
Glyn,Latvia
Marleen,China
Broddy,China
Essy,Poland
Mohandis,Croatia
Christopher,Portugal
Hubey,China
Idalia,Afghanistan
Hill,Russia
Prudence,Indonesia
Elden,China
Lorianne,Indonesia
Viva,Poland
Forrest,Nepal
Ciro,China
Chelsea,China
Yorgos,Portugal
Randy,Indonesia
Nadeen,China
Mahalia,Tuvalu
Templeton,Japan
Willette,Indonesia
Peyton,Germany
Willette,Indonesia
Valene,China
Dolph,United States
Alica,Indonesia
Mara,Russia
Richard,Brazil
Trixy,China
Hesther,Ukraine
Mariejeanne,Russia
Symon,Afghanistan
Rorie,Portugal
Nathan,South Africa
Courtney,China
Marshall,France
Nickey,American Samoa
Jaye,Guatemala
Dulci,Indonesia
Hagan,Madagascar
Natassia,Paraguay
Benito,Canada
Kennith,Greece
Lanie,Czech Republic
Marley,Indonesia
Olive,Croatia
Robbi,Thailand
Verney,Central African Republic
Aharon,Colombia
Wilie,Indonesia
Rube,China
Norean,Georgia
Dmitri,South Africa
Delia,China
Odie,Tunisia
Ilse,Uganda
Ulric,Finland
Cornie,Laos
Letizia,Portugal
Leopold,Finland
Vaclav,China
Chanda,China
Nikita,China
Erroll,Poland
Della,Peru
Hayward,China
Gaspar,Sweden
Jo,Russia
Denver,China
Cornie,Venezuela
Tabb,France
Alisha,Sweden
Brandais,Indonesia
Cazzie,Sweden
Alexandr,Philippines
Hagen,France
Mavis,Colombia
Lock,Iran
Ilyssa,Canada
Jamaal,Sweden
Randie,Pakistan
Geri,Belarus
Verene,Vietnam
Marilee,China
Kean,United Kingdom
Yves,Lithuania
Homer,Indonesia
Joell,Ethiopia
Northrup,Morocco
Emily,South Africa
Kasey,Croatia
Weylin,Japan
Tristan,Guinea
Dixie,China
Boris,Latvia
Elmer,Egypt
Bailey,Argentina
Maurits,Venezuela
Karlie,Italy
Abel,North Korea
Rasia,Russia
Correna,Panama
Melly,China
Josy,Brazil
Diarmid,Ukraine
Adore,Luxembourg
Tait,Czech Republic
Alaine,China
Dasya,Ukraine
Bale,China
Lexine,Philippines
Karoly,China
Gabbie,Russia
Georgette,China
Ted,Brazil
Starr,Bulgaria
Redford,Colombia
Vin,Philippines
Hannis,Russia
Arabelle,China
Iorgo,Brazil
Bartlett,Indonesia
Lockwood,Hong Kong
Klemens,Indonesia
Shelley,China
Dahlia,Russia
Gav,Luxembourg
De witt,Indonesia
Nerty,Philippines
Betteanne,Czech Republic
Dominga,Canada
Sandy,China
Patrizius,Russia
Axe,France
Dolli,Indonesia
Zacherie,France
Sidney,Russia
Steffane,Ethiopia
Byron,Indonesia
Kip,Brazil
Elset,Albania
Stanislaus,Ukraine
Paule,Indonesia
Thalia,Peru
Leroy,Indonesia
Verina,China
Gabbi,United States
Aldin,United States
Webb,Nigeria
Angel,Poland
Rozalin,Yemen
Hunt,Indonesia
Dermot,Honduras
Sibylle,Jamaica
Sterling,China
Colas,Philippines
Page,Panama
Billy,Greece
Devina,Iraq
Darbee,Sweden
Wat,Colombia
Kaila,Mexico
Dasi,Portugal
Morgen,Philippines
Abramo,Iraq
Augustina,Philippines
Townie,Norway
Marlin,United States
Marchelle,Greece
Karim,Argentina
Morgana,Poland
Aurel,France
Hilton,China
Gwenneth,Russia
Teri,Indonesia
Timi,Ukraine
Tammara,Portugal
Deidre,Yemen
Chere,Colombia
Olag,China
Vivia,South Korea
Clemmie,Poland
Margarita,China
Derick,Russia
Augustine,China
Cozmo,Moldova
Eugene,China
Sydel,Slovenia
Florida,Honduras
Rina,United States
Der,Indonesia
Horst,Philippines
Donnie,Indonesia
Federico,China
Flori,Czech Republic
Eydie,Russia
Chilton,Greece
Jesus,Brazil
Oralle,Egypt
Bank,Brazil
Wye,Argentina
Diahann,Philippines
Celine,China
Britta,Indonesia
Ninetta,France
Tish,El Salvador
Clim,Philippines
Ogden,Netherlands
Jody,Dominican Republic
Yasmeen,China
Vinita,Poland
Bidget,Serbia
Brnaba,Portugal
Adore,China
Pacorro,Brazil
Cornell,Russia
Willabella,Honduras
Lon,Australia
Berne,France
Christye,China
Donall,Indonesia
Deck,Slovenia
Selinda,Spain
Phyllida,Philippines
Wilhelm,China
Federica,Poland
Ichabod,China
Bryce,Croatia
Ignacio,Serbia
Albertine,China
Philippe,Democratic Republic of the Congo
Binnie,Sweden
Dud,China
Caryl,France
Darill,China
Rafael,China
Lorianne,China
Tamiko,Poland
Annalee,Israel
Nerita,Albania
Tedi,Thailand
Royal,Myanmar
Nehemiah,Ukraine
Georges,Ireland
Deborah,Brazil
Irita,Uganda
Gamaliel,Japan
Roanne,Indonesia
Jeana,Philippines
Averyl,Myanmar
Konstanze,Norway
Padriac,Indonesia
Waldon,China
Merrel,China
Ronnica,Vietnam
Dulcia,Poland
Ingar,China
Janot,Russia
Candis,Indonesia
Stacee,United States
Devlin,China
Chrissy,Sweden
Grace,Aland Islands
Thor,China
Jozef,China
Clay,Philippines
Aldo,Nigeria
Bette,France
Ben,France
Marlene,Russia
Roberto,Portugal
Lilas,China
Erma,China
Amalita,United States
Francyne,China
Brandy,Canada
Sinclare,Sweden
Rodd,China
Barry,France
Levi,China
Ruddy,Indonesia
Shae,Nigeria
Mirella,Germany
Barnabe,Palestinian Territory
Baxie,China
Letisha,Netherlands
Putnam,Canada
Carla,China
Riane,Portugal
Winny,Ecuador
Aldous,Brazil
Haleigh,Iran
Fraser,Serbia
Britni,Mongolia
Shamus,Indonesia
Tucker,Senegal
Lars,Ukraine
Whitman,Syria
Jocelyn,China
Base,Canada
Rodd,Israel
Miriam,United States
Doyle,Zimbabwe
Kimbra,China
Torey,China
Bliss,Hong Kong
Andi,Argentina
Adan,Panama
Dorena,Portugal
Tana,China
Diego,China
Hyacinthe,China
Emma,Malaysia
Carlene,Poland
Ignacius,Zimbabwe
Susana,Philippines
Katie,Ecuador
Nigel,Malaysia
Tamarah,Madagascar
Chelsy,China
Malcolm,Peru
Enrichetta,Haiti
Ransell,China
Brooks,Russia
Torry,Ireland
Cindra,Belarus
Sandi,China
Stanley,Russia
Taite,Iran
Leonardo,Ukraine
Kristina,Poland
Wini,Indonesia
Morlee,Cuba
Corbet,Poland
Janeva,Portugal
Chaddie,Honduras
Dall,France
Anthony,Portugal
Any,Spain
Stafford,China
Lulita,Indonesia
Lotti,China
Abigail,Croatia
Abbot,Tanzania
Gilly,Vietnam
Marlin,Indonesia
Nikoletta,Ukraine
Erina,Sri Lanka
Wildon,United States
Gizela,China
Leland,Philippines
Charles,Ireland
Chick,Bolivia
Livia,Senegal
Delano,Ukraine
Valeda,Philippines
Ced,Sudan
Faun,Nigeria
Arabella,France
Sergei,Portugal
Corrine,China
Bunny,Iran
Lennie,Cameroon
Nola,Russia
Hedi,Malaysia
Tiebold,Ukraine
Lilyan,Argentina
Gordon,Uruguay
Moss,Iran
Veradis,Brazil
Jessi,Indonesia
Erick,China
Roselle,China
Levy,Sweden
Saw,Canada
Cissiee,Indonesia
Jerrie,China
Gwynne,Japan
Jae,China
Clemmy,Japan
Reid,Oman
Laurella,France
Lexis,Palestinian Territory
Ned,Vietnam
Donnie,Thailand
Bartholomeo,Poland
Hadlee,Oman
Batholomew,Kyrgyzstan
Melina,Marshall Islands
Nial,Indonesia
Herby,Russia
Marty,Malaysia
Arnoldo,Sweden
Cirilo,Portugal
Cherilyn,Russia
Berny,China
Eve,Greece
Lamont,Norway
Jolyn,Indonesia
Keriann,Thailand
Elbertina,Ukraine
Lezlie,United States
Austina,Philippines
Fidelity,Portugal
Joey,Brazil
Jens,China
Reggi,Portugal
Nathan,China
Anallise,Germany
Wendall,China
Tybi,Indonesia
Rowe,China
Milena,Brazil
Pancho,Czech Republic
Elli,China
Levi,Brazil
Lorette,Indonesia
Whitney,Thailand
Ardeen,United Kingdom
Erma,Indonesia
Winthrop,Japan
Natka,Philippines
Drud,Sweden
Chelsy,China
Dianne,Angola
Fawnia,Brazil
Wilie,Mozambique
Pate,Ukraine
Kasper,Indonesia
Carlina,China
Beverley,Nigeria
Genovera,Mexico
Teddie,Czech Republic
Emanuel,Japan
Barde,China
Farly,South Africa
Monte,Ukraine
Micky,Indonesia
Clio,China
Ernaline,China
Kim,United States
Othello,Egypt
Loria,Brazil
Alistair,Nigeria
Anson,France
Wilek,Indonesia
Baldwin,Indonesia
Burr,Portugal
Coralie,Cayman Islands
Sergent,Russia
Henrieta,Thailand
Celestia,Japan
Dylan,Albania
Cybil,China
Clifford,Portugal
Rudie,Lithuania
Esma,Morocco
Gerrard,China
James,Poland
Sapphira,Croatia
Flinn,France
Kelci,Spain
Irita,Russia
Silvan,Canada
Asia,Portugal
Garner,Uganda
Sibyl,Thailand
Laura,Portugal
Scott,Greece
Dulciana,Indonesia
Martin,United States
Dewitt,China
Jodi,Portugal
Maximilien,Philippines
Carmelle,France
Rebbecca,Brazil
Reinold,China
Bobine,Ukraine
Heall,Bolivia
Obadiah,Greece
Gayelord,Japan
Micaela,Indonesia
Carmine,Uzbekistan
Minni,Iran
Tanner,Azerbaijan
Dode,Indonesia
Marcelia,China
Flin,Indonesia
Sullivan,Colombia
Alikee,China
Dulcea,Russia
Bobbee,Greece
Crichton,Russia
Dennie,China
Hendrika,Kyrgyzstan
Marianne,Denmark
Waring,Indonesia
Raychel,South Korea
Lynn,Poland
Daphna,United States
Doll,Azerbaijan
Stesha,China
Sheilah,Trinidad and Tobago
Robby,Lithuania
Lynea,Laos
Gregoor,United Arab Emirates
Mitchell,Hungary
Hyacinthia,Belarus
Baily,China
Billie,Indonesia
Ros,Poland
Caril,Brazil
Jennette,Thailand
Rani,Democratic Republic of the Congo
Mead,Poland
Jolynn,China
Marlin,Philippines
Alena,Russia
Eddy,Thailand
Vivyanne,Russia
Hurleigh,Czech Republic
Karon,Azerbaijan
Philip,Thailand
Chaddy,Russia
Rhona,Swaziland
Northrup,Japan
Winnie,China
Julianna,Indonesia
Ailee,Indonesia
Desiree,Philippines
Bevin,China
Donnell,Serbia
Trumann,France
Wally,Brazil
Ina,China
Anabelle,Indonesia
Moreen,Panama
Noe,China
Cheri,China
Alano,Brazil
Viviyan,Indonesia
Rudiger,United States
Melessa,China
Griz,Indonesia
Aindrea,Russia
Kevon,China
Kalli,Colombia
Briny,Russia
Elliott,China
Cristiano,Somalia
Trip,Canada
Shina,Peru
Tessie,China
Merl,China
Erv,Syria
Rina,Russia
Everard,Ghana
Aurie,Peru
Niall,Czech Republic
Grannie,Sweden
Anderson,Philippines
Trenton,Peru
Melicent,China
Terza,Guinea
Mordy,Argentina
Phillis,Argentina
Agnella,Japan
Ceciley,Japan
Cory,United States
Kameko,China
Danyelle,Afghanistan
Hyacinthie,China
Benoit,Brazil
Bertha,Peru
Modesty,Venezuela
Lindsey,Micronesia
Theodor,Ireland
Sutherlan,Canada
Gillian,Russia
Drucill,Indonesia
Marlin,French Polynesia
Karly,Indonesia
Euell,Lithuania
Liuka,France
Nealy,China
Sammy,Czech Republic
Merrielle,Kazakhstan
Casey,South Africa
Aurelia,Iran
Kati,Russia
Lurette,Indonesia
Tori,Indonesia
Ambur,United Kingdom
Orsola,China
Brooke,Venezuela
Buddie,Egypt
Ajay,Russia
Marja,Nigeria
Krissy,China
Priscilla,France
Bendick,Botswana
Nancee,Zimbabwe
Aurore,Kazakhstan
Boonie,Indonesia
Gonzales,China
Val,Peru
Cathlene,Jordan
Doreen,Sweden
Cindelyn,Philippines
Editha,Poland
Piper,China
Noreen,Sweden
Yelena,Philippines
Currey,Indonesia
Kareem,Yemen
Davina,Sweden
Max,Malaysia
Ransom,Indonesia
Urbano,France
Bessy,China
Darci,Indonesia
Ellette,China
Lindsay,Philippines
Shelagh,Thailand
Dahlia,Portugal
Eudora,China
Joye,United States
Anderea,Canada
Georgetta,Pakistan
Joannes,Peru
Kaspar,Tajikistan
Audry,Kazakhstan
Gwendolin,Russia
Fabe,Brazil
Bel,Italy
Bertie,Russia
Prent,Indonesia
Roze,Russia
Con,Sweden
Beltran,Indonesia
Verge,Djibouti
Avram,Philippines
Anabelle,Thailand
Blondell,Philippines
Wilek,Botswana
Franz,Greece
Whittaker,Thailand
Isiahi,Philippines
Devondra,Ukraine
Tomasina,Mexico
Matthus,Indonesia
Betteann,China
Dawn,Mexico
Raddy,Thailand
Brandyn,Colombia
Gordan,China
Wylie,Brazil
Nikolai,Portugal
Jerrylee,Iraq
Krissie,Indonesia
Krystyna,Brazil
Xerxes,China
Alano,Thailand
Gabbey,Indonesia
Emelen,Indonesia
Tory,Czech Republic
Kennith,United States
Morse,Venezuela
Seth,China
Ludvig,Indonesia
Abie,Ukraine
Chrotoem,Nicaragua
Quinta,Brazil
Anette,China
Willie,Czech Republic
Denis,Mexico
Britteny,Sweden
Branden,Ireland
Lucho,Colombia
Harcourt,Indonesia
Kally,Belarus
Korey,Czech Republic
Eadie,Russia
Ronalda,Japan
Jae,China
Loydie,Cameroon
Fabe,China
Vance,Ukraine
Hadleigh,San Marino
Elnora,Ukraine
Mattie,Mongolia
Ardath,Israel
Dunc,Poland
Suzi,Indonesia
Hermine,Indonesia
Kial,United States
Sheilah,Peru
Heidie,Luxembourg
Maudie,Japan
Salvidor,China
Keelia,Indonesia
Christye,China
Hadlee,Japan
Sidoney,Argentina
Elyssa,Japan
Tiena,Czech Republic
Zora,Nepal
Loria,China
Carmencita,China
Nicolette,Bulgaria
Far,France
Merle,Poland
Kial,China
Duffy,Peru
Mitchael,China
Merline,South Africa
Paten,United States
Ange,Portugal
Mariska,South Africa
Ingeberg,Venezuela
Bari,Sweden
Mack,Brazil
Westleigh,China
Cindra,China
Aleen,Brazil
Creighton,Argentina
Stavros,Poland
Cristobal,China
Brannon,Montenegro
Carmelia,Ireland
Gena,Russia
Melva,Indonesia
Yvon,Argentina
Ardith,Tanzania
Rhoda,Peru
Matilda,Colombia
Hillary,Ukraine
Domingo,China
Eden,Morocco
Margaretha,Indonesia
Eveleen,Portugal
Julissa,Russia
Lois,Japan
Charlotta,Portugal
Wright,China
Kirbee,Portugal
Natty,Sweden
Velma,Brazil
Beau,Greece
Brok,Afghanistan
Standford,Venezuela
Kendell,China
Karlik,Portugal
Dallas,China
Leonid,China
Hallsy,China
Ruthann,Indonesia
Sena,China
Rebecka,Philippines
Jessie,Chile
Duke,Russia
Matthus,China
Shelli,Sweden
Wileen,Russia
Melody,Indonesia
Arlene,Spain
Georgi,China
Carola,Colombia
Chrystal,Peru
Roseann,Sri Lanka
Alie,Philippines
Martino,Canada
Ezmeralda,Philippines
Lexy,Honduras
Afton,China
Linnet,China
Audry,China
Nesta,China
Claudius,France
Hayyim,Greece
Early,Indonesia
Darrel,Angola
Jaquenetta,China
Freda,Macedonia
Cahra,United States
Nickie,Chile
Jaclyn,Indonesia
Marcia,Russia
Gib,Peru
Antonius,Ireland
Ozzy,South Africa
Genny,Poland
Corly,Indonesia
Arlen,Kenya
Durant,Uganda
Brooks,Indonesia
Binnie,China
Carlee,Indonesia
Cal,Poland
Freddy,Brazil
Gothart,Albania
Lexie,Philippines
Blaire,Afghanistan
Emmott,Mauritius
Kassi,Philippines
Judye,Indonesia
Robinia,Tunisia
Rea,China
Dannel,Russia
Morty,Saint Vincent and the Grenadines
Mehetabel,Egypt
Essa,China
Tedda,Indonesia
Aldric,Sweden
Benedicta,Tanzania
Demetra,Russia
Adriaens,South Korea
Edwin,Ireland
Gerome,Philippines
Iseabal,Guinea-Bissau
Cicely,Argentina
Lance,Czech Republic
Salomo,Thailand
Casey,Canada
Dynah,Czech Republic
Ross,United States
Jillane,China
Leighton,Poland
Standford,Japan
Valentine,Indonesia
Tymon,China
Keeley,Russia
Claire,China
Hieronymus,Poland
Beaufort,Colombia
Karyn,China
Bebe,Japan
Freeman,France
Manda,Japan
Carlin,Argentina
Ram,China
Mia,Pakistan
Godfrey,Senegal
Nataniel,China
Berni,Poland
Latisha,Sweden
Clarke,China
Gisela,Russia
Tiebold,Canada
Emilee,United States
Minne,China
Shandy,Guatemala
Allissa,China
Kamila,Russia
Cole,Croatia
Malissia,Macedonia
Sim,South Korea
Sidney,China
Deidre,United States
Cly,Poland
Ronni,Portugal
Gayel,Philippines
Silvan,Portugal
Dur,Argentina
Kiri,Ukraine
Bernardina,China
Fanechka,Portugal
Dave,Japan
Fabien,Portugal
Abraham,Uganda
Ervin,China
Lelia,Netherlands
Georgina,Ecuador
Corey,Poland
Fairfax,Sudan
Terrijo,Yemen
Eric,France
Nappy,France
Antonino,France
Hilliard,China
Gerome,Mexico
Michel,Sweden
Yorker,China
Arlin,Japan
Prudy,Russia
Rosmunda,Albania
Chane,Hungary
Melissa,China
Carlin,Indonesia
Maryrose,Mongolia
Henrik,China
Thomasina,Russia
Douglas,Sweden
Gerhardt,Brazil
Aurie,Kazakhstan
Kaine,China
Trenna,Philippines
Elia,Indonesia
Charline,Philippines
Waldemar,China
Erena,Benin
Ronnie,United States
Barney,Sweden
Electra,Indonesia
Fina,Ukraine
Etty,Mexico
Shell,Palestinian Territory
Danna,Philippines
Khalil,Indonesia
Clint,China
Dietrich,Poland
Rikki,Indonesia
Cesare,Indonesia
Bekki,Poland
Martita,Indonesia
Norri,China
Liza,Russia
Ermanno,Tunisia
Adele,Poland
Reggie,Poland
Ryan,Colombia
Rafa,China
Karil,China
Alejandro,Saudi Arabia
Kerwin,Sweden
Yevette,China
Miof mela,China
Marybeth,Indonesia
Charis,Indonesia
Chevy,Malaysia
Marillin,Luxembourg
Elyssa,Russia
Melisande,Afghanistan
Waring,Iran
Mauricio,France
Marietta,Portugal
Tommie,China
Oliviero,Indonesia
Emmet,China
Reagen,China
Desiree,Lebanon
Ezra,Austria
Virge,Palestinian Territory
Ryon,China
Antin,Indonesia
Katha,Russia
Frasier,Sweden
Xymenes,Brazil
Angelika,Czech Republic
Saba,China
Joby,Indonesia
Lucy,Brazil
Octavia,Armenia
Nonie,Serbia
Dacey,Portugal
Dianna,Russia
Caressa,Yemen
Benji,Portugal
Ivonne,Russia
Laurella,Indonesia
Korella,United States
Dev,Japan
Karlotte,Indonesia
Maryjane,Indonesia
Hyacintha,China
Frasco,China
Hayward,Nicaragua
Bridgette,China
Michaela,Japan
Towny,China
Leland,China
Lindsey,China
Halimeda,Libya
Fonzie,Russia
Mandi,Thailand
Gale,China
Alphonse,United States
Shelley,China
Jessie,Brunei
Leone,Myanmar
Cybill,Czech Republic
Chris,China
Caty,Poland
Christos,Hungary
Nanine,Poland
Maighdiln,Kyrgyzstan
Mel,Russia
Jerrine,Philippines
Waiter,Malaysia
Gardener,Guatemala
Klemens,Bulgaria
Dunn,Chad
Rickey,United States
Thorin,Botswana
Cornie,Nigeria
Cammie,China
Fred,Vietnam
Roscoe,Indonesia
Dunstan,Brazil
Merridie,Russia
Karissa,Argentina
Peirce,Slovenia
Marcela,Nigeria
Armand,Peru
Francoise,China
Joellyn,Chile
Ric,United States
Jasmin,Pakistan
Maryrose,Poland
Tamara,Russia
Nicholas,China
Betty,China
Benedetta,France
Colleen,Russia
Gray,Peru
Constancia,Russia
Early,Sweden
Laurence,Portugal
Jacinda,Angola
Fabian,Macedonia
Janifer,France
Kenny,Greece
Rhea,Portugal
Tab,Finland
Thea,Indonesia
Robinson,Indonesia
Shadow,Portugal
Shaylynn,Brazil
Orbadiah,Honduras
Nikola,Japan
Paula,Brazil
Shirline,Russia
Daryl,Brunei
Penny,Indonesia
Wendel,Portugal
Carlin,Armenia
Brett,Indonesia
Talia,Russia
Waldemar,China
Lisa,Russia
Petrina,Serbia
Loralie,China
Marco,China
Germana,Sweden
Christian,Kenya
Padraig,Vanuatu
Addi,Indonesia
Clayborn,Czech Republic
Shellie,Russia
Orelie,China
Egbert,Chile
Remy,Sweden
Gabriel,Macedonia
Missy,South Africa
Willi,Yemen
Irv,Vietnam
Elia,Lithuania
Ashla,China
Tomkin,Peru
Opal,Russia
Roberta,Brazil
Bettye,Philippines
Murdoch,Afghanistan
Mickey,China
Glyn,Indonesia
Gaston,Morocco
Jim,Sweden
Ange,Thailand
Findley,Russia
Valentina,China
Edvard,Hungary
Flss,China
Lynnell,Nigeria
Alejandro,China
Brewer,Paraguay
Corny,Greenland
Forester,Portugal
Norean,Spain
Christyna,Czech Republic
Livia,Japan
Valeria,China
Chase,Indonesia
Dale,United States
Nicki,Syria
Coralie,Guatemala
Piotr,Jamaica
Eward,Indonesia
Rabi,Indonesia
Andriette,Finland
Ruthe,Indonesia
Bartram,Russia
Emery,Sweden
Darcy,Indonesia
Melamie,China
Roze,China
Morley,China
Gilberta,Croatia
Robinia,Brazil
Ethe,France
Diane,China
Gabriell,Belarus
Amery,Peru
Amandi,Uzbekistan
Amalia,Sweden
Berkie,China
Corliss,Tajikistan
Aldwin,Indonesia
Peggie,United States
Catina,United States
Tedd,United Kingdom
Phaedra,Albania
Farris,United States
Juliane,Peru
Cordell,China
Domenic,Sweden
Shelba,Indonesia
Noah,Indonesia
Rhonda,Malaysia
Guillema,Montenegro
Casper,China
Corny,North Korea
Lorilee,Guatemala
Niven,Armenia
Brandyn,Nigeria
Micheil,China
Audrey,China
Allin,Indonesia
Perren,Thailand
Zechariah,Portugal
Adora,Brazil
Jackquelin,Poland
Melloney,Portugal
Angy,Brazil
Huberto,Sweden
Nil,Venezuela
Lyndsay,Poland
Tiertza,France
Bellina,China
Arlee,China
Budd,Iraq
Kaleena,Nigeria
Sasha,China
Arlyne,Czech Republic
Clem,Liberia
Gretal,China
Ranee,France
Allissa,Indonesia
Jerrilee,China
Rocky,Colombia
Jordon,Malta
Stephanus,Iran
Chalmers,Sweden
Dahlia,North Korea
Dino,Thailand
Eugenie,Czech Republic
Damian,Indonesia
Amby,Peru
Benyamin,China
Ilysa,Vietnam
Robina,Czech Republic
Yvon,Indonesia
Torie,Philippines
Bastien,China
Gregorius,Russia
Evangeline,China
Pearce,France
Porter,China
Bruis,China
Curtis,Indonesia
Moise,Colombia
Faun,Indonesia
Nichols,South Korea
Gun,Russia
Ellen,Honduras
Ettie,Brazil
Hugh,Indonesia
Louisette,Philippines
Foss,Japan
Loy,Central African Republic
Zachary,Peru
Evangelin,China
Konstanze,Tunisia
Mariam,France
Koren,Canada
Sheela,Serbia
Osbourne,China
Ruttger,China
Worden,France
Kasey,Sweden
Pavia,Argentina
Kania,Haiti
Rickey,Brazil
Olenka,Guam
Elvira,Lithuania
Nananne,Philippines
Inga,Philippines
Evelina,Ukraine
Chick,Greece
Cullan,Jordan
Samuele,China
Vivia,Indonesia
Matthaeus,Luxembourg
Kitty,Kiribati
Kendall,China
Wenda,Poland
Franklyn,Cuba
Leonora,Tunisia
Mayer,Russia
Austina,China
Georgetta,Sweden
Alfy,Russia
Hilario,Chile
Kendra,Bulgaria
Renard,Indonesia
Harri,Indonesia
Roz,China
Brand,China
Pennie,Ukraine
Delbert,China
Ingar,Indonesia
Albert,United States
Sibbie,Benin
Rickie,Indonesia
Pablo,France
Halimeda,Spain
Charyl,Malaysia
Darby,Indonesia
Bailey,Hungary
Gaby,Latvia
Filip,China
Egan,Argentina
Levin,Russia
Noak,Philippines
Marge,China
Cynthie,Cuba
Felix,Indonesia
Danny,China
Vassili,Sweden
Gretel,Russia
Devin,Germany
Eldredge,France
Chester,Thailand
Charita,Croatia
Milo,France
Dara,France
Cecily,Ukraine
Keri,Pakistan
Glynis,Japan
Vyky,Norway
Ephrayim,Indonesia
Luther,Portugal
Bryon,China
Fernando,Mali
Windham,Indonesia
Thorin,Tajikistan
Jemima,South Africa
Brigg,Ethiopia
Aldwin,United States
Jeanette,Russia
Jsandye,Tunisia
Chas,China
Darnell,Armenia
Joe,Argentina
Tristan,Peru
Ario,Czech Republic
Ely,United States
Lu,Venezuela
Jacqui,United States
Clim,Russia
Geoffrey,China
Cynthy,Indonesia
Elinore,China
Hadley,Finland
Vitoria,Honduras
Rhodie,China
Cordelie,France
Earl,Mexico
Ulysses,Philippines
Nigel,China
Lynelle,Portugal
Trista,Mexico
Alphonse,Tanzania
